<?xml version="1.0" encoding="utf-8"?>
<odoo>
    <data noupdate="0">

<!--        <record model="ir.rule" id="secondary_sale_edit_rule">-->
<!--            <field name="name">Secondary Sale Order Edit Rule</field>-->
<!--            <field name="model_id" ref="model_sale_secondary"/>-->
<!--            <field name="domain_force">[('state','!=','draft')]</field>-->
<!--            <field name="groups" eval="[(4,ref('base.group_user'))]"/>-->
<!--            <field name="perm_read" eval="0"/>-->
<!--            <field name="perm_write" eval="1"/>-->
<!--            <field name="perm_unlink" eval="0"/>-->
<!--            <field name="perm_create" eval="0"/>-->
<!--        </record>-->

    </data>
</odoo>
